availability,date,listing_id,rate
False,2016-05-29,5396686,110.0
False,2016-05-30,5396686,101.0
False,2016-05-31,5396686,101.0
False,2016-06-01,5396686,107.0
False,2016-06-02,5396686,89.0
False,2016-06-03,5396686,95.0
False,2016-06-04,5396686,115.0
False,2016-06-05,5396686,115.0
False,2016-06-06,5396686,115.0
False,2016-06-07,5396686,115.0
False,2016-06-08,5396686,115.0
False,2016-06-09,5396686,115.0
False,2016-06-10,5396686,122.0
False,2016-06-11,5396686,122.0
False,2016-06-12,5396686,115.0
False,2016-06-13,5396686,111.0
False,2016-06-14,5396686,95.0
False,2016-06-15,5396686,95.0
False,2016-06-16,5396686,103.0
False,2016-06-17,5396686,115.0
False,2016-06-18,5396686,115.0
False,2016-06-19,5396686,95.0
False,2016-06-20,5396686,99.0
False,2016-06-21,5396686,99.0
False,2016-06-22,5396686,115.0
False,2016-06-23,5396686,115.0
False,2016-06-24,5396686,115.0
False,2016-06-25,5396686,108.0
False,2016-06-26,5396686,105.0
False,2016-06-27,5396686,105.0
False,2016-06-28,5396686,99.0
False,2016-06-29,5396686,99.0
False,2016-06-30,5396686,115.0
False,2016-07-01,5396686,122.0
False,2016-07-02,5396686,122.0
False,2016-07-03,5396686,122.0
False,2016-07-04,5396686,115.0
False,2016-07-05,5396686,115.0
False,2016-07-06,5396686,115.0
False,2016-07-07,5396686,100.0
False,2016-07-08,5396686,118.0
False,2016-07-09,5396686,118.0
False,2016-07-10,5396686,115.0
False,2016-07-11,5396686,115.0
True,2016-07-12,5396686,89.0
True,2016-07-13,5396686,100.0
True,2016-07-14,5396686,100.0
True,2016-07-15,5396686,108.0
True,2016-07-16,5396686,110.0
True,2016-07-17,5396686,87.0
False,2016-07-18,5396686,115.0
False,2016-07-19,5396686,115.0
False,2016-07-20,5396686,115.0
False,2016-07-21,5396686,115.0
False,2016-07-22,5396686,145.0
False,2016-07-23,5396686,145.0
False,2016-07-24,5396686,115.0
False,2016-07-25,5396686,115.0
False,2016-07-26,5396686,115.0
False,2016-07-27,5396686,105.0
False,2016-07-28,5396686,115.0
False,2016-07-29,5396686,118.0
False,2016-07-30,5396686,118.0
False,2016-07-31,5396686,115.0
False,2016-08-01,5396686,115.0
False,2016-08-02,5396686,115.0
False,2016-08-03,5396686,115.0
False,2016-08-04,5396686,115.0
False,2016-08-05,5396686,118.0
False,2016-08-06,5396686,118.0
True,2016-08-07,5396686,101.0
True,2016-08-08,5396686,110.0
True,2016-08-09,5396686,110.0
True,2016-08-10,5396686,110.0
True,2016-08-11,5396686,110.0
False,2016-08-12,5396686,115.0
False,2016-08-13,5396686,115.0
False,2016-08-14,5396686,115.0
False,2016-08-15,5396686,115.0
False,2016-08-16,5396686,115.0
False,2016-08-17,5396686,115.0
True,2016-08-18,5396686,105.0
True,2016-08-19,5396686,105.0
True,2016-08-20,5396686,110.0
False,2016-08-21,5396686,115.0
False,2016-08-22,5396686,115.0
True,2016-08-23,5396686,105.0
True,2016-08-24,5396686,109.0
True,2016-08-25,5396686,115.0
True,2016-08-26,5396686,118.0
True,2016-08-27,5396686,118.0
True,2016-08-28,5396686,101.0
True,2016-08-29,5396686,110.0
True,2016-08-30,5396686,110.0
True,2016-08-31,5396686,110.0
True,2016-09-01,5396686,110.0
True,2016-09-02,5396686,125.0
True,2016-09-03,5396686,125.0
True,2016-05-29,13559901,165.0
True,2016-05-30,13559901,165.0
True,2016-05-31,13559901,165.0
True,2016-06-01,13559901,165.0
True,2016-06-02,13559901,165.0
True,2016-06-03,13559901,165.0
True,2016-06-04,13559901,165.0
True,2016-06-05,13559901,165.0
True,2016-06-06,13559901,165.0
True,2016-06-07,13559901,165.0
True,2016-06-08,13559901,165.0
True,2016-06-09,13559901,165.0
True,2016-06-10,13559901,165.0
True,2016-06-11,13559901,165.0
True,2016-06-12,13559901,165.0
True,2016-06-13,13559901,165.0
True,2016-06-14,13559901,165.0
True,2016-06-15,13559901,165.0
True,2016-06-16,13559901,165.0
True,2016-06-17,13559901,165.0
True,2016-06-18,13559901,165.0
True,2016-06-19,13559901,165.0
False,2016-06-20,13559901,165.0
False,2016-06-21,13559901,165.0
False,2016-06-22,13559901,165.0
True,2016-06-23,13559901,165.0
False,2016-06-24,13559901,165.0
False,2016-06-25,13559901,165.0
False,2016-06-26,13559901,165.0
True,2016-06-27,13559901,165.0
True,2016-06-28,13559901,165.0
True,2016-06-29,13559901,165.0
True,2016-06-30,13559901,165.0
False,2016-07-01,13559901,165.0
False,2016-07-02,13559901,165.0
False,2016-07-03,13559901,165.0
False,2016-07-04,13559901,165.0
False,2016-07-05,13559901,165.0
False,2016-07-06,13559901,165.0
False,2016-07-07,13559901,165.0
False,2016-07-08,13559901,165.0
False,2016-07-09,13559901,165.0
False,2016-07-10,13559901,165.0
False,2016-07-11,13559901,165.0
True,2016-07-12,13559901,165.0
True,2016-07-13,13559901,165.0
True,2016-07-14,13559901,165.0
True,2016-07-15,13559901,165.0
True,2016-07-16,13559901,165.0
True,2016-07-17,13559901,165.0
True,2016-07-18,13559901,165.0
True,2016-07-19,13559901,165.0
True,2016-07-20,13559901,165.0
False,2016-07-21,13559901,165.0
False,2016-07-22,13559901,165.0
False,2016-07-23,13559901,165.0
False,2016-07-24,13559901,165.0
True,2016-07-25,13559901,165.0
True,2016-07-26,13559901,165.0
True,2016-07-27,13559901,165.0
True,2016-07-28,13559901,165.0
True,2016-07-29,13559901,165.0
True,2016-07-30,13559901,165.0
True,2016-07-31,13559901,165.0
True,2016-08-01,13559901,165.0
True,2016-08-02,13559901,165.0
True,2016-08-03,13559901,165.0
True,2016-08-04,13559901,165.0
True,2016-08-05,13559901,165.0
True,2016-08-06,13559901,165.0
True,2016-08-07,13559901,165.0
True,2016-08-08,13559901,165.0
True,2016-08-09,13559901,165.0
True,2016-08-10,13559901,165.0
True,2016-08-11,13559901,165.0
True,2016-08-12,13559901,165.0
True,2016-08-13,13559901,165.0
True,2016-08-14,13559901,165.0
True,2016-08-15,13559901,165.0
True,2016-08-16,13559901,165.0
True,2016-08-17,13559901,165.0
True,2016-08-18,13559901,165.0
True,2016-08-19,13559901,165.0
True,2016-08-20,13559901,165.0
True,2016-08-21,13559901,165.0
True,2016-08-22,13559901,165.0
True,2016-08-23,13559901,165.0
True,2016-08-24,13559901,165.0
True,2016-08-25,13559901,165.0
True,2016-08-26,13559901,165.0
True,2016-08-27,13559901,165.0
True,2016-08-28,13559901,165.0
True,2016-08-29,13559901,165.0
True,2016-08-30,13559901,165.0
True,2016-08-31,13559901,165.0
True,2016-09-01,13559901,165.0
True,2016-09-02,13559901,165.0
True,2016-09-03,13559901,165.0
False,2016-05-29,7368754,115.0
False,2016-05-30,7368754,115.0
False,2016-05-31,7368754,115.0
True,2016-06-01,7368754,80.0
False,2016-06-02,7368754,80.0
False,2016-06-03,7368754,115.0
False,2016-06-04,7368754,115.0
False,2016-06-05,7368754,115.0
False,2016-06-06,7368754,115.0
False,2016-06-07,7368754,115.0
False,2016-06-08,7368754,85.0
False,2016-06-09,7368754,85.0
True,2016-06-10,7368754,115.0
False,2016-06-11,7368754,115.0
False,2016-06-12,7368754,115.0
False,2016-06-13,7368754,115.0
False,2016-06-14,7368754,115.0
False,2016-06-15,7368754,115.0
True,2016-06-16,7368754,115.0
False,2016-06-17,7368754,115.0
False,2016-06-18,7368754,115.0
False,2016-06-19,7368754,115.0
False,2016-06-20,7368754,115.0
False,2016-06-21,7368754,115.0
False,2016-06-22,7368754,115.0
False,2016-06-23,7368754,115.0
False,2016-06-24,7368754,115.0
False,2016-06-25,7368754,115.0
False,2016-06-26,7368754,115.0
False,2016-06-27,7368754,115.0
False,2016-06-28,7368754,115.0
False,2016-06-29,7368754,115.0
False,2016-06-30,7368754,115.0
False,2016-07-01,7368754,115.0
False,2016-07-02,7368754,115.0
False,2016-07-03,7368754,115.0
True,2016-07-04,7368754,86.0
False,2016-07-05,7368754,115.0
False,2016-07-06,7368754,115.0
True,2016-07-07,7368754,89.0
False,2016-07-08,7368754,88.0
False,2016-07-09,7368754,115.0
True,2016-07-10,7368754,97.0
True,2016-07-11,7368754,101.0
True,2016-07-12,7368754,100.0
True,2016-07-13,7368754,101.0
False,2016-07-14,7368754,128.0
False,2016-07-15,7368754,128.0
False,2016-07-16,7368754,128.0
False,2016-07-17,7368754,101.0
True,2016-07-18,7368754,102.0
True,2016-07-19,7368754,102.0
False,2016-07-20,7368754,115.0
False,2016-07-21,7368754,115.0
False,2016-07-22,7368754,115.0
False,2016-07-23,7368754,115.0
True,2016-07-24,7368754,100.0
True,2016-07-25,7368754,94.0
False,2016-07-26,7368754,115.0
False,2016-07-27,7368754,115.0
True,2016-07-28,7368754,104.0
True,2016-07-29,7368754,121.0
True,2016-07-30,7368754,121.0
True,2016-07-31,7368754,107.0
False,2016-08-01,7368754,115.0
False,2016-08-02,7368754,115.0
False,2016-08-03,7368754,115.0
False,2016-08-04,7368754,115.0
False,2016-08-05,7368754,115.0
False,2016-08-06,7368754,115.0
True,2016-08-07,7368754,115.0
True,2016-08-08,7368754,115.0
True,2016-08-09,7368754,115.0
True,2016-08-10,7368754,115.0
True,2016-08-11,7368754,115.0
True,2016-08-12,7368754,115.0
True,2016-08-13,7368754,115.0
False,2016-08-14,7368754,115.0
False,2016-08-15,7368754,115.0
False,2016-08-16,7368754,115.0
True,2016-08-17,7368754,115.0
True,2016-08-18,7368754,115.0
True,2016-08-19,7368754,115.0
True,2016-08-20,7368754,115.0
True,2016-08-21,7368754,115.0
True,2016-08-22,7368754,115.0
True,2016-08-23,7368754,115.0
True,2016-08-24,7368754,115.0
True,2016-08-25,7368754,115.0
True,2016-08-26,7368754,115.0
True,2016-08-27,7368754,115.0
True,2016-08-28,7368754,115.0
True,2016-08-29,7368754,115.0
False,2016-08-30,7368754,115.0
False,2016-08-31,7368754,115.0
False,2016-09-01,7368754,115.0
False,2016-09-02,7368754,115.0
False,2016-09-03,7368754,115.0
True,2016-05-29,13657194,225.0
True,2016-05-30,13657194,225.0
True,2016-05-31,13657194,225.0
True,2016-06-01,13657194,225.0
True,2016-06-02,13657194,225.0
True,2016-06-03,13657194,225.0
True,2016-06-04,13657194,225.0
True,2016-06-05,13657194,225.0
True,2016-06-06,13657194,225.0
True,2016-06-07,13657194,225.0
True,2016-06-08,13657194,225.0
True,2016-06-09,13657194,225.0
True,2016-06-10,13657194,225.0
True,2016-06-11,13657194,225.0
True,2016-06-12,13657194,225.0
True,2016-06-13,13657194,225.0
True,2016-06-14,13657194,225.0
True,2016-06-15,13657194,225.0
True,2016-06-16,13657194,225.0
True,2016-06-17,13657194,225.0
True,2016-06-18,13657194,225.0
True,2016-06-19,13657194,225.0
True,2016-06-20,13657194,225.0
True,2016-06-21,13657194,225.0
True,2016-06-22,13657194,225.0
True,2016-06-23,13657194,225.0
True,2016-06-24,13657194,225.0
True,2016-06-25,13657194,225.0
True,2016-06-26,13657194,225.0
True,2016-06-27,13657194,185.0
True,2016-06-28,13657194,185.0
True,2016-06-29,13657194,185.0
True,2016-06-30,13657194,185.0
False,2016-07-01,13657194,225.0
False,2016-07-02,13657194,225.0
False,2016-07-03,13657194,225.0
True,2016-07-04,13657194,185.0
False,2016-07-05,13657194,185.0
False,2016-07-06,13657194,185.0
False,2016-07-07,13657194,185.0
True,2016-07-08,13657194,225.0
False,2016-07-09,13657194,225.0
True,2016-07-10,13657194,225.0
True,2016-07-11,13657194,185.0
True,2016-07-12,13657194,185.0
True,2016-07-13,13657194,185.0
True,2016-07-14,13657194,185.0
True,2016-07-15,13657194,225.0
True,2016-07-16,13657194,225.0
True,2016-07-17,13657194,225.0
True,2016-07-18,13657194,185.0
True,2016-07-19,13657194,185.0
True,2016-07-20,13657194,185.0
True,2016-07-21,13657194,185.0
False,2016-07-22,13657194,225.0
False,2016-07-23,13657194,225.0
True,2016-07-24,13657194,225.0
True,2016-07-25,13657194,185.0
True,2016-07-26,13657194,185.0
True,2016-07-27,13657194,185.0
True,2016-07-28,13657194,185.0
True,2016-07-29,13657194,225.0
True,2016-07-30,13657194,225.0
True,2016-07-31,13657194,225.0
True,2016-08-01,13657194,185.0
True,2016-08-02,13657194,185.0
True,2016-08-03,13657194,185.0
True,2016-08-04,13657194,185.0
True,2016-08-05,13657194,225.0
True,2016-08-06,13657194,225.0
True,2016-08-07,13657194,225.0
True,2016-08-08,13657194,225.0
True,2016-08-09,13657194,225.0
True,2016-08-10,13657194,225.0
True,2016-08-11,13657194,225.0
True,2016-08-12,13657194,225.0
True,2016-08-13,13657194,225.0
True,2016-08-14,13657194,225.0
True,2016-08-15,13657194,225.0
True,2016-08-16,13657194,225.0
True,2016-08-17,13657194,225.0
True,2016-08-18,13657194,225.0
True,2016-08-19,13657194,225.0
True,2016-08-20,13657194,225.0
True,2016-08-21,13657194,225.0
True,2016-08-22,13657194,225.0
True,2016-08-23,13657194,225.0
True,2016-08-24,13657194,225.0
True,2016-08-25,13657194,225.0
True,2016-08-26,13657194,225.0
True,2016-08-27,13657194,225.0
True,2016-08-28,13657194,225.0
True,2016-08-29,13657194,225.0
True,2016-08-30,13657194,225.0
True,2016-08-31,13657194,225.0
True,2016-09-01,13657194,225.0
True,2016-09-02,13657194,225.0
True,2016-09-03,13657194,225.0
False,2016-05-29,7480926,109.0
False,2016-05-30,7480926,49.0
False,2016-05-31,7480926,49.0
False,2016-06-01,7480926,49.0
False,2016-06-02,7480926,49.0
False,2016-06-03,7480926,69.0
False,2016-06-04,7480926,69.0
False,2016-06-05,7480926,69.0
False,2016-06-06,7480926,49.0
False,2016-06-07,7480926,49.0
False,2016-06-08,7480926,54.0
False,2016-06-09,7480926,49.0
False,2016-06-10,7480926,109.0
False,2016-06-11,7480926,109.0
False,2016-06-12,7480926,109.0
False,2016-06-13,7480926,109.0
False,2016-06-14,7480926,109.0
False,2016-06-15,7480926,109.0
False,2016-06-16,7480926,109.0
False,2016-06-17,7480926,109.0
False,2016-06-18,7480926,109.0
False,2016-06-19,7480926,109.0
False,2016-06-20,7480926,109.0
False,2016-06-21,7480926,109.0
False,2016-06-22,7480926,109.0
False,2016-06-23,7480926,109.0
False,2016-06-24,7480926,109.0
False,2016-06-25,7480926,109.0
False,2016-06-26,7480926,109.0
False,2016-06-27,7480926,109.0
False,2016-06-28,7480926,109.0
False,2016-06-29,7480926,109.0
False,2016-06-30,7480926,109.0
False,2016-07-01,7480926,109.0
False,2016-07-02,7480926,109.0
False,2016-07-03,7480926,89.0
False,2016-07-04,7480926,89.0
False,2016-07-05,7480926,89.0
False,2016-07-06,7480926,79.0
False,2016-07-07,7480926,109.0
True,2016-07-08,7480926,78.0
False,2016-07-09,7480926,109.0
False,2016-07-10,7480926,109.0
False,2016-07-11,7480926,109.0
False,2016-07-12,7480926,79.0
False,2016-07-13,7480926,79.0
False,2016-07-14,7480926,79.0
False,2016-07-15,7480926,78.0
False,2016-07-16,7480926,109.0
False,2016-07-17,7480926,109.0
False,2016-07-18,7480926,109.0
False,2016-07-19,7480926,109.0
False,2016-07-20,7480926,109.0
False,2016-07-21,7480926,109.0
False,2016-07-22,7480926,109.0
True,2016-07-23,7480926,78.0
False,2016-07-24,7480926,78.0
False,2016-07-25,7480926,78.0
True,2016-07-26,7480926,78.0
True,2016-07-27,7480926,78.0
True,2016-07-28,7480926,78.0
False,2016-07-29,7480926,109.0
False,2016-07-30,7480926,109.0
False,2016-07-31,7480926,109.0
False,2016-08-01,7480926,109.0
False,2016-08-02,7480926,109.0
True,2016-08-03,7480926,109.0
True,2016-08-04,7480926,109.0
True,2016-08-05,7480926,109.0
True,2016-08-06,7480926,109.0
True,2016-08-07,7480926,109.0
True,2016-08-08,7480926,109.0
True,2016-08-09,7480926,109.0
True,2016-08-10,7480926,109.0
True,2016-08-11,7480926,109.0
True,2016-08-12,7480926,109.0
True,2016-08-13,7480926,109.0
True,2016-08-14,7480926,109.0
True,2016-08-15,7480926,109.0
True,2016-08-16,7480926,109.0
True,2016-08-17,7480926,109.0
True,2016-08-18,7480926,109.0
False,2016-08-19,7480926,109.0
False,2016-08-20,7480926,109.0
False,2016-08-21,7480926,109.0
False,2016-08-22,7480926,109.0
True,2016-08-23,7480926,109.0
True,2016-08-24,7480926,109.0
True,2016-08-25,7480926,109.0
True,2016-08-26,7480926,109.0
True,2016-08-27,7480926,109.0
True,2016-08-28,7480926,109.0
True,2016-08-29,7480926,109.0
True,2016-08-30,7480926,109.0
True,2016-08-31,7480926,109.0
True,2016-09-01,7480926,109.0
True,2016-09-02,7480926,109.0
False,2016-09-03,7480926,109.0
True,2016-05-29,13050776,89.0
True,2016-05-30,13050776,89.0
True,2016-05-31,13050776,89.0
True,2016-06-01,13050776,89.0
True,2016-06-02,13050776,89.0
True,2016-06-03,13050776,89.0
False,2016-06-04,13050776,89.0
False,2016-06-05,13050776,89.0
False,2016-06-06,13050776,89.0
False,2016-06-07,13050776,89.0
False,2016-06-08,13050776,89.0
False,2016-06-09,13050776,89.0
False,2016-06-10,13050776,89.0
False,2016-06-11,13050776,89.0
False,2016-06-12,13050776,89.0
False,2016-06-13,13050776,89.0
False,2016-06-14,13050776,89.0
False,2016-06-15,13050776,89.0
False,2016-06-16,13050776,89.0
False,2016-06-17,13050776,89.0
False,2016-06-18,13050776,89.0
False,2016-06-19,13050776,89.0
False,2016-06-20,13050776,89.0
False,2016-06-21,13050776,89.0
False,2016-06-22,13050776,89.0
False,2016-06-23,13050776,89.0
False,2016-06-24,13050776,89.0
False,2016-06-25,13050776,89.0
False,2016-06-26,13050776,89.0
False,2016-06-27,13050776,89.0
False,2016-06-28,13050776,89.0
False,2016-06-29,13050776,89.0
False,2016-06-30,13050776,89.0
False,2016-07-01,13050776,89.0
False,2016-07-02,13050776,89.0
False,2016-07-03,13050776,89.0
False,2016-07-04,13050776,89.0
False,2016-07-05,13050776,89.0
False,2016-07-06,13050776,89.0
False,2016-07-07,13050776,89.0
False,2016-07-08,13050776,89.0
False,2016-07-09,13050776,89.0
False,2016-07-10,13050776,89.0
False,2016-07-11,13050776,89.0
False,2016-07-12,13050776,89.0
False,2016-07-13,13050776,89.0
False,2016-07-14,13050776,89.0
False,2016-07-15,13050776,89.0
True,2016-07-16,13050776,89.0
False,2016-07-17,13050776,89.0
False,2016-07-18,13050776,89.0
False,2016-07-19,13050776,89.0
False,2016-07-20,13050776,89.0
False,2016-07-21,13050776,89.0
False,2016-07-22,13050776,89.0
False,2016-07-23,13050776,89.0
False,2016-07-24,13050776,89.0
False,2016-07-25,13050776,89.0
False,2016-07-26,13050776,89.0
True,2016-07-27,13050776,89.0
True,2016-07-28,13050776,89.0
True,2016-07-29,13050776,89.0
True,2016-07-30,13050776,89.0
True,2016-07-31,13050776,89.0
True,2016-08-01,13050776,89.0
True,2016-08-02,13050776,89.0
True,2016-08-03,13050776,89.0
True,2016-08-04,13050776,89.0
False,2016-08-05,13050776,89.0
False,2016-08-06,13050776,89.0
False,2016-08-07,13050776,89.0
False,2016-08-08,13050776,89.0
False,2016-08-09,13050776,89.0
False,2016-08-10,13050776,89.0
False,2016-08-11,13050776,89.0
False,2016-08-12,13050776,89.0
False,2016-08-13,13050776,89.0
False,2016-08-14,13050776,89.0
False,2016-08-15,13050776,89.0
False,2016-08-16,13050776,89.0
False,2016-08-17,13050776,89.0
False,2016-08-18,13050776,89.0
False,2016-08-19,13050776,89.0
False,2016-08-20,13050776,89.0
False,2016-08-21,13050776,89.0
False,2016-08-22,13050776,89.0
False,2016-08-23,13050776,89.0
False,2016-08-24,13050776,89.0
False,2016-08-25,13050776,89.0
False,2016-08-26,13050776,89.0
False,2016-08-27,13050776,89.0
False,2016-08-28,13050776,89.0
False,2016-08-29,13050776,89.0
False,2016-08-30,13050776,89.0
False,2016-08-31,13050776,89.0
False,2016-09-01,13050776,89.0
False,2016-09-02,13050776,89.0
False,2016-09-03,13050776,89.0
False,2016-05-29,9195158,145.0
False,2016-05-30,9195158,145.0
False,2016-05-31,9195158,145.0
False,2016-06-01,9195158,135.0
False,2016-06-02,9195158,135.0
False,2016-06-03,9195158,225.0
False,2016-06-04,9195158,225.0
False,2016-06-05,9195158,200.0
False,2016-06-06,9195158,200.0
False,2016-06-07,9195158,200.0
False,2016-06-08,9195158,200.0
False,2016-06-09,9195158,200.0
False,2016-06-10,9195158,225.0
False,2016-06-11,9195158,225.0
False,2016-06-12,9195158,200.0
False,2016-06-13,9195158,200.0
False,2016-06-14,9195158,175.0
False,2016-06-15,9195158,175.0
False,2016-06-16,9195158,145.0
False,2016-06-17,9195158,145.0
False,2016-06-18,9195158,200.0
False,2016-06-19,9195158,175.0
False,2016-06-20,9195158,175.0
False,2016-06-21,9195158,145.0
False,2016-06-22,9195158,200.0
False,2016-06-23,9195158,200.0
False,2016-06-24,9195158,225.0
False,2016-06-25,9195158,225.0
False,2016-06-26,9195158,200.0
False,2016-06-27,9195158,200.0
False,2016-06-28,9195158,149.0
False,2016-06-29,9195158,149.0
False,2016-06-30,9195158,149.0
False,2016-07-01,9195158,200.0
False,2016-07-02,9195158,200.0
False,2016-07-03,9195158,200.0
True,2016-07-04,9195158,150.0
False,2016-07-05,9195158,150.0
False,2016-07-06,9195158,150.0
False,2016-07-07,9195158,150.0
False,2016-07-08,9195158,175.0
False,2016-07-09,9195158,175.0
False,2016-07-10,9195158,150.0
False,2016-07-11,9195158,150.0
False,2016-07-12,9195158,150.0
False,2016-07-13,9195158,150.0
False,2016-07-14,9195158,150.0
False,2016-07-15,9195158,175.0
False,2016-07-16,9195158,175.0
False,2016-07-17,9195158,225.0
False,2016-07-18,9195158,225.0
True,2016-07-19,9195158,175.0
True,2016-07-20,9195158,175.0
True,2016-07-21,9195158,175.0
True,2016-07-22,9195158,175.0
False,2016-07-23,9195158,200.0
True,2016-07-24,9195158,185.0
True,2016-07-25,9195158,185.0
True,2016-07-26,9195158,185.0
True,2016-07-27,9195158,185.0
True,2016-07-28,9195158,185.0
True,2016-07-29,9195158,200.0
True,2016-07-30,9195158,200.0
True,2016-07-31,9195158,200.0
True,2016-08-01,9195158,200.0
True,2016-08-02,9195158,200.0
True,2016-08-03,9195158,200.0
True,2016-08-04,9195158,200.0
False,2016-08-05,9195158,200.0
False,2016-08-06,9195158,200.0
True,2016-08-07,9195158,200.0
True,2016-08-08,9195158,200.0
False,2016-08-09,9195158,225.0
False,2016-08-10,9195158,225.0
False,2016-08-11,9195158,225.0
False,2016-08-12,9195158,225.0
False,2016-08-13,9195158,225.0
False,2016-08-14,9195158,225.0
False,2016-08-15,9195158,225.0
False,2016-08-16,9195158,225.0
False,2016-08-17,9195158,225.0
False,2016-08-18,9195158,225.0
False,2016-08-19,9195158,225.0
False,2016-08-20,9195158,225.0
False,2016-08-21,9195158,225.0
False,2016-08-22,9195158,225.0
False,2016-08-23,9195158,225.0
False,2016-08-24,9195158,225.0
False,2016-08-25,9195158,225.0
False,2016-08-26,9195158,225.0
False,2016-08-27,9195158,225.0
False,2016-08-28,9195158,225.0
False,2016-08-29,9195158,225.0
False,2016-08-30,9195158,225.0
False,2016-08-31,9195158,225.0
False,2016-09-01,9195158,225.0
False,2016-09-02,9195158,225.0
False,2016-09-03,9195158,225.0
False,2016-05-29,5067703,100.0
False,2016-05-30,5067703,100.0
True,2016-05-31,5067703,95.0
False,2016-06-01,5067703,95.0
False,2016-06-02,5067703,95.0
False,2016-06-03,5067703,100.0
False,2016-06-04,5067703,100.0
False,2016-06-05,5067703,95.0
False,2016-06-06,5067703,95.0
False,2016-06-07,5067703,95.0
True,2016-06-08,5067703,95.0
False,2016-06-09,5067703,95.0
False,2016-06-10,5067703,100.0
False,2016-06-11,5067703,100.0
False,2016-06-12,5067703,150.0
False,2016-06-13,5067703,150.0
False,2016-06-14,5067703,95.0
False,2016-06-15,5067703,95.0
False,2016-06-16,5067703,95.0
False,2016-06-17,5067703,100.0
False,2016-06-18,5067703,100.0
False,2016-06-19,5067703,95.0
True,2016-06-20,5067703,95.0
False,2016-06-21,5067703,95.0
False,2016-06-22,5067703,95.0
False,2016-06-23,5067703,95.0
False,2016-06-24,5067703,100.0
False,2016-06-25,5067703,100.0
False,2016-06-26,5067703,95.0
False,2016-06-27,5067703,95.0
False,2016-06-28,5067703,95.0
False,2016-06-29,5067703,95.0
True,2016-06-30,5067703,95.0
False,2016-07-01,5067703,100.0
False,2016-07-02,5067703,100.0
False,2016-07-03,5067703,95.0
False,2016-07-04,5067703,95.0
False,2016-07-05,5067703,95.0
False,2016-07-06,5067703,95.0
False,2016-07-07,5067703,95.0
True,2016-07-08,5067703,100.0
False,2016-07-09,5067703,100.0
False,2016-07-10,5067703,95.0
True,2016-07-11,5067703,95.0
False,2016-07-12,5067703,95.0
False,2016-07-13,5067703,95.0
True,2016-07-14,5067703,95.0
False,2016-07-15,5067703,100.0
False,2016-07-16,5067703,100.0
False,2016-07-17,5067703,95.0
False,2016-07-18,5067703,95.0
False,2016-07-19,5067703,95.0
False,2016-07-20,5067703,95.0
False,2016-07-21,5067703,95.0
False,2016-07-22,5067703,100.0
False,2016-07-23,5067703,100.0
False,2016-07-24,5067703,95.0
False,2016-07-25,5067703,95.0
False,2016-07-26,5067703,95.0
False,2016-07-27,5067703,95.0
False,2016-07-28,5067703,95.0
False,2016-07-29,5067703,100.0
False,2016-07-30,5067703,100.0
False,2016-07-31,5067703,95.0
False,2016-08-01,5067703,95.0
False,2016-08-02,5067703,95.0
False,2016-08-03,5067703,95.0
False,2016-08-04,5067703,95.0
False,2016-08-05,5067703,100.0
False,2016-08-06,5067703,100.0
False,2016-08-07,5067703,95.0
False,2016-08-08,5067703,95.0
False,2016-08-09,5067703,95.0
False,2016-08-10,5067703,95.0
False,2016-08-11,5067703,95.0
False,2016-08-12,5067703,100.0
False,2016-08-13,5067703,100.0
True,2016-08-14,5067703,95.0
True,2016-08-15,5067703,95.0
True,2016-08-16,5067703,95.0
True,2016-08-17,5067703,95.0
True,2016-08-18,5067703,95.0
True,2016-08-19,5067703,100.0
True,2016-08-20,5067703,100.0
True,2016-08-21,5067703,95.0
True,2016-08-22,5067703,95.0
True,2016-08-23,5067703,95.0
True,2016-08-24,5067703,95.0
True,2016-08-25,5067703,95.0
True,2016-08-26,5067703,100.0
True,2016-08-27,5067703,100.0
True,2016-08-28,5067703,95.0
True,2016-08-29,5067703,95.0
True,2016-08-30,5067703,95.0
True,2016-08-31,5067703,95.0
True,2016-09-01,5067703,95.0
False,2016-09-02,5067703,100.0
False,2016-09-03,5067703,100.0
True,2016-05-29,13587841,145.0
True,2016-05-30,13587841,145.0
True,2016-05-31,13587841,145.0
True,2016-06-01,13587841,145.0
True,2016-06-02,13587841,145.0
True,2016-06-03,13587841,169.0
True,2016-06-04,13587841,169.0
True,2016-06-05,13587841,145.0
True,2016-06-06,13587841,145.0
True,2016-06-07,13587841,145.0
True,2016-06-08,13587841,145.0
True,2016-06-09,13587841,145.0
True,2016-06-10,13587841,169.0
True,2016-06-11,13587841,169.0
True,2016-06-12,13587841,145.0
True,2016-06-13,13587841,145.0
True,2016-06-14,13587841,145.0
True,2016-06-15,13587841,145.0
True,2016-06-16,13587841,145.0
True,2016-06-17,13587841,169.0
True,2016-06-18,13587841,169.0
False,2016-06-19,13587841,145.0
False,2016-06-20,13587841,145.0
True,2016-06-21,13587841,145.0
False,2016-06-22,13587841,100.0
True,2016-06-23,13587841,145.0
False,2016-06-24,13587841,167.0
False,2016-06-25,13587841,169.0
False,2016-06-26,13587841,167.0
False,2016-06-27,13587841,103.0
False,2016-06-28,13587841,40.0
True,2016-06-29,13587841,109.0
True,2016-06-30,13587841,119.0
False,2016-07-01,13587841,169.0
False,2016-07-02,13587841,169.0
True,2016-07-03,13587841,186.0
True,2016-07-04,13587841,186.0
True,2016-07-05,13587841,145.0
False,2016-07-06,13587841,145.0
False,2016-07-07,13587841,145.0
False,2016-07-08,13587841,169.0
False,2016-07-09,13587841,169.0
True,2016-07-10,13587841,145.0
True,2016-07-11,13587841,145.0
True,2016-07-12,13587841,145.0
True,2016-07-13,13587841,145.0
True,2016-07-14,13587841,145.0
True,2016-07-15,13587841,169.0
False,2016-07-16,13587841,169.0
False,2016-07-17,13587841,145.0
False,2016-07-18,13587841,145.0
False,2016-07-19,13587841,145.0
False,2016-07-20,13587841,145.0
False,2016-07-21,13587841,145.0
False,2016-07-22,13587841,169.0
False,2016-07-23,13587841,169.0
True,2016-07-24,13587841,130.0
True,2016-07-25,13587841,145.0
True,2016-07-26,13587841,145.0
True,2016-07-27,13587841,145.0
True,2016-07-28,13587841,145.0
True,2016-07-29,13587841,169.0
True,2016-07-30,13587841,169.0
True,2016-07-31,13587841,145.0
True,2016-08-01,13587841,145.0
True,2016-08-02,13587841,145.0
True,2016-08-03,13587841,145.0
True,2016-08-04,13587841,145.0
True,2016-08-05,13587841,169.0
True,2016-08-06,13587841,169.0
True,2016-08-07,13587841,145.0
False,2016-08-08,13587841,145.0
False,2016-08-09,13587841,145.0
True,2016-08-10,13587841,145.0
True,2016-08-11,13587841,145.0
True,2016-08-12,13587841,169.0
True,2016-08-13,13587841,169.0
True,2016-08-14,13587841,145.0
True,2016-08-15,13587841,145.0
True,2016-08-16,13587841,145.0
True,2016-08-17,13587841,145.0
True,2016-08-18,13587841,145.0
True,2016-08-19,13587841,169.0
True,2016-08-20,13587841,169.0
True,2016-08-21,13587841,145.0
True,2016-08-22,13587841,145.0
True,2016-08-23,13587841,145.0
True,2016-08-24,13587841,145.0
True,2016-08-25,13587841,145.0
True,2016-08-26,13587841,169.0
True,2016-08-27,13587841,169.0
True,2016-08-28,13587841,145.0
True,2016-08-29,13587841,145.0
True,2016-08-30,13587841,145.0
True,2016-08-31,13587841,145.0
True,2016-09-01,13587841,145.0
True,2016-09-02,13587841,169.0
True,2016-09-03,13587841,169.0
False,2016-05-29,6866186,109.0
False,2016-05-30,6866186,109.0
False,2016-05-31,6866186,109.0
False,2016-06-01,6866186,109.0
False,2016-06-02,6866186,109.0
False,2016-06-03,6866186,109.0
False,2016-06-04,6866186,109.0
False,2016-06-05,6866186,109.0
False,2016-06-06,6866186,109.0
False,2016-06-07,6866186,109.0
False,2016-06-08,6866186,109.0
False,2016-06-09,6866186,109.0
False,2016-06-10,6866186,109.0
False,2016-06-11,6866186,109.0
False,2016-06-12,6866186,109.0
False,2016-06-13,6866186,109.0
False,2016-06-14,6866186,109.0
False,2016-06-15,6866186,109.0
False,2016-06-16,6866186,109.0
False,2016-06-17,6866186,109.0
False,2016-06-18,6866186,109.0
False,2016-06-19,6866186,109.0
True,2016-06-20,6866186,149.0
False,2016-06-21,6866186,149.0
False,2016-06-22,6866186,109.0
False,2016-06-23,6866186,109.0
False,2016-06-24,6866186,109.0
False,2016-06-25,6866186,109.0
False,2016-06-26,6866186,109.0
False,2016-06-27,6866186,109.0
False,2016-06-28,6866186,109.0
False,2016-06-29,6866186,109.0
False,2016-06-30,6866186,109.0
False,2016-07-01,6866186,124.0
False,2016-07-02,6866186,124.0
False,2016-07-03,6866186,124.0
False,2016-07-04,6866186,109.0
False,2016-07-05,6866186,109.0
False,2016-07-06,6866186,109.0
False,2016-07-07,6866186,109.0
False,2016-07-08,6866186,109.0
False,2016-07-09,6866186,109.0
False,2016-07-10,6866186,109.0
False,2016-07-11,6866186,109.0
False,2016-07-12,6866186,109.0
False,2016-07-13,6866186,109.0
False,2016-07-14,6866186,109.0
False,2016-07-15,6866186,109.0
True,2016-07-16,6866186,109.0
True,2016-07-17,6866186,109.0
True,2016-07-18,6866186,109.0
True,2016-07-19,6866186,109.0
True,2016-07-20,6866186,109.0
True,2016-07-21,6866186,109.0
True,2016-07-22,6866186,109.0
True,2016-07-23,6866186,109.0
True,2016-07-24,6866186,109.0
True,2016-07-25,6866186,109.0
True,2016-07-26,6866186,109.0
True,2016-07-27,6866186,109.0
True,2016-07-28,6866186,109.0
False,2016-07-29,6866186,109.0
False,2016-07-30,6866186,109.0
False,2016-07-31,6866186,109.0
False,2016-08-01,6866186,109.0
False,2016-08-02,6866186,109.0
False,2016-08-03,6866186,109.0
False,2016-08-04,6866186,109.0
False,2016-08-05,6866186,109.0
False,2016-08-06,6866186,109.0
False,2016-08-07,6866186,109.0
True,2016-08-08,6866186,109.0
True,2016-08-09,6866186,109.0
True,2016-08-10,6866186,109.0
True,2016-08-11,6866186,109.0
True,2016-08-12,6866186,109.0
True,2016-08-13,6866186,109.0
True,2016-08-14,6866186,109.0
True,2016-08-15,6866186,109.0
True,2016-08-16,6866186,109.0
True,2016-08-17,6866186,109.0
True,2016-08-18,6866186,109.0
True,2016-08-19,6866186,109.0
True,2016-08-20,6866186,109.0
True,2016-08-21,6866186,109.0
True,2016-08-22,6866186,109.0
True,2016-08-23,6866186,109.0
True,2016-08-24,6866186,109.0
True,2016-08-25,6866186,109.0
True,2016-08-26,6866186,109.0
True,2016-08-27,6866186,109.0
True,2016-08-28,6866186,109.0
True,2016-08-29,6866186,109.0
True,2016-08-30,6866186,109.0
True,2016-08-31,6866186,109.0
True,2016-09-01,6866186,109.0
True,2016-09-02,6866186,109.0
True,2016-09-03,6866186,109.0
False,2016-05-29,8822609,90.0
True,2016-05-30,8822609,56.0
True,2016-05-31,8822609,56.0
True,2016-06-01,8822609,48.0
False,2016-06-02,8822609,48.0
False,2016-06-03,8822609,95.0
False,2016-06-04,8822609,95.0
False,2016-06-05,8822609,95.0
False,2016-06-06,8822609,66.0
False,2016-06-07,8822609,69.0
False,2016-06-08,8822609,76.0
False,2016-06-09,8822609,77.0
True,2016-06-10,8822609,119.0
False,2016-06-11,8822609,90.0
False,2016-06-12,8822609,109.0
False,2016-06-13,8822609,109.0
True,2016-06-14,8822609,53.0
False,2016-06-15,8822609,109.0
False,2016-06-16,8822609,109.0
False,2016-06-17,8822609,129.0
False,2016-06-18,8822609,129.0
False,2016-06-19,8822609,109.0
False,2016-06-20,8822609,109.0
False,2016-06-21,8822609,109.0
False,2016-06-22,8822609,109.0
False,2016-06-23,8822609,109.0
False,2016-06-24,8822609,129.0
False,2016-06-25,8822609,129.0
False,2016-06-26,8822609,109.0
False,2016-06-27,8822609,109.0
False,2016-06-28,8822609,109.0
False,2016-06-29,8822609,109.0
False,2016-06-30,8822609,109.0
False,2016-07-01,8822609,129.0
False,2016-07-02,8822609,129.0
False,2016-07-03,8822609,109.0
False,2016-07-04,8822609,109.0
False,2016-07-05,8822609,109.0
False,2016-07-06,8822609,109.0
False,2016-07-07,8822609,109.0
False,2016-07-08,8822609,129.0
False,2016-07-09,8822609,129.0
False,2016-07-10,8822609,109.0
False,2016-07-11,8822609,109.0
False,2016-07-12,8822609,109.0
False,2016-07-13,8822609,109.0
False,2016-07-14,8822609,109.0
False,2016-07-15,8822609,129.0
False,2016-07-16,8822609,129.0
False,2016-07-17,8822609,109.0
False,2016-07-18,8822609,109.0
False,2016-07-19,8822609,109.0
False,2016-07-20,8822609,109.0
False,2016-07-21,8822609,109.0
False,2016-07-22,8822609,129.0
False,2016-07-23,8822609,129.0
False,2016-07-24,8822609,109.0
False,2016-07-25,8822609,109.0
False,2016-07-26,8822609,109.0
False,2016-07-27,8822609,109.0
False,2016-07-28,8822609,109.0
False,2016-07-29,8822609,129.0
True,2016-07-30,8822609,129.0
True,2016-07-31,8822609,109.0
True,2016-08-01,8822609,109.0
True,2016-08-02,8822609,109.0
True,2016-08-03,8822609,109.0
True,2016-08-04,8822609,109.0
True,2016-08-05,8822609,129.0
True,2016-08-06,8822609,129.0
True,2016-08-07,8822609,109.0
True,2016-08-08,8822609,109.0
True,2016-08-09,8822609,109.0
True,2016-08-10,8822609,109.0
False,2016-08-11,8822609,109.0
False,2016-08-12,8822609,129.0
False,2016-08-13,8822609,129.0
False,2016-08-14,8822609,109.0
True,2016-08-15,8822609,109.0
True,2016-08-16,8822609,109.0
True,2016-08-17,8822609,109.0
True,2016-08-18,8822609,109.0
True,2016-08-19,8822609,129.0
True,2016-08-20,8822609,129.0
True,2016-08-21,8822609,109.0
True,2016-08-22,8822609,109.0
True,2016-08-23,8822609,109.0
True,2016-08-24,8822609,109.0
True,2016-08-25,8822609,109.0
True,2016-08-26,8822609,129.0
True,2016-08-27,8822609,129.0
True,2016-08-28,8822609,109.0
True,2016-08-29,8822609,109.0
True,2016-08-30,8822609,109.0
True,2016-08-31,8822609,109.0
True,2016-09-01,8822609,109.0
True,2016-09-02,8822609,129.0
True,2016-09-03,8822609,129.0
False,2016-05-29,7357533,150.0
False,2016-05-30,7357533,135.0
False,2016-05-31,7357533,135.0
False,2016-06-01,7357533,135.0
False,2016-06-02,7357533,135.0
False,2016-06-03,7357533,150.0
False,2016-06-04,7357533,150.0
False,2016-06-05,7357533,150.0
False,2016-06-06,7357533,135.0
False,2016-06-07,7357533,135.0
False,2016-06-08,7357533,135.0
False,2016-06-09,7357533,135.0
False,2016-06-10,7357533,150.0
False,2016-06-11,7357533,150.0
False,2016-06-12,7357533,150.0
False,2016-06-13,7357533,135.0
False,2016-06-14,7357533,135.0
False,2016-06-15,7357533,135.0
False,2016-06-16,7357533,135.0
False,2016-06-17,7357533,140.0
False,2016-06-18,7357533,140.0
False,2016-06-19,7357533,140.0
False,2016-06-20,7357533,135.0
False,2016-06-21,7357533,135.0
False,2016-06-22,7357533,135.0
False,2016-06-23,7357533,135.0
False,2016-06-24,7357533,140.0
False,2016-06-25,7357533,140.0
False,2016-06-26,7357533,140.0
True,2016-06-27,7357533,135.0
True,2016-06-28,7357533,135.0
True,2016-06-29,7357533,135.0
True,2016-06-30,7357533,135.0
False,2016-07-01,7357533,150.0
False,2016-07-02,7357533,150.0
False,2016-07-03,7357533,150.0
False,2016-07-04,7357533,135.0
False,2016-07-05,7357533,135.0
False,2016-07-06,7357533,135.0
False,2016-07-07,7357533,135.0
False,2016-07-08,7357533,150.0
False,2016-07-09,7357533,150.0
False,2016-07-10,7357533,150.0
False,2016-07-11,7357533,135.0
False,2016-07-12,7357533,135.0
False,2016-07-13,7357533,135.0
False,2016-07-14,7357533,135.0
False,2016-07-15,7357533,140.0
False,2016-07-16,7357533,140.0
False,2016-07-17,7357533,140.0
False,2016-07-18,7357533,135.0
False,2016-07-19,7357533,135.0
False,2016-07-20,7357533,135.0
False,2016-07-21,7357533,135.0
False,2016-07-22,7357533,140.0
False,2016-07-23,7357533,140.0
False,2016-07-24,7357533,140.0
False,2016-07-25,7357533,135.0
False,2016-07-26,7357533,135.0
False,2016-07-27,7357533,135.0
False,2016-07-28,7357533,135.0
False,2016-07-29,7357533,140.0
False,2016-07-30,7357533,140.0
False,2016-07-31,7357533,140.0
False,2016-08-01,7357533,135.0
False,2016-08-02,7357533,135.0
False,2016-08-03,7357533,135.0
False,2016-08-04,7357533,135.0
False,2016-08-05,7357533,140.0
False,2016-08-06,7357533,140.0
False,2016-08-07,7357533,140.0
False,2016-08-08,7357533,135.0
False,2016-08-09,7357533,135.0
False,2016-08-10,7357533,135.0
False,2016-08-11,7357533,135.0
False,2016-08-12,7357533,140.0
False,2016-08-13,7357533,140.0
False,2016-08-14,7357533,140.0
False,2016-08-15,7357533,135.0
False,2016-08-16,7357533,135.0
False,2016-08-17,7357533,135.0
False,2016-08-18,7357533,135.0
False,2016-08-19,7357533,140.0
False,2016-08-20,7357533,140.0
False,2016-08-21,7357533,140.0
True,2016-08-22,7357533,135.0
True,2016-08-23,7357533,135.0
True,2016-08-24,7357533,135.0
True,2016-08-25,7357533,135.0
True,2016-08-26,7357533,140.0
True,2016-08-27,7357533,140.0
True,2016-08-28,7357533,140.0
True,2016-08-29,7357533,135.0
True,2016-08-30,7357533,135.0
True,2016-08-31,7357533,135.0
True,2016-09-01,7357533,135.0
True,2016-09-02,7357533,140.0
True,2016-09-03,7357533,140.0
False,2016-05-29,12543212,98.0
True,2016-05-30,12543212,78.0
False,2016-05-31,12543212,89.0
True,2016-06-01,12543212,80.0
True,2016-06-02,12543212,85.0
False,2016-06-03,12543212,87.0
False,2016-06-04,12543212,87.0
False,2016-06-05,12543212,87.0
False,2016-06-06,12543212,98.0
False,2016-06-07,12543212,87.0
False,2016-06-08,12543212,108.0
True,2016-06-09,12543212,101.0
False,2016-06-10,12543212,98.0
False,2016-06-11,12543212,98.0
False,2016-06-12,12543212,86.0
False,2016-06-13,12543212,98.0
False,2016-06-14,12543212,98.0
False,2016-06-15,12543212,98.0
False,2016-06-16,12543212,98.0
False,2016-06-17,12543212,98.0
False,2016-06-18,12543212,98.0
False,2016-06-19,12543212,98.0
False,2016-06-20,12543212,98.0
False,2016-06-21,12543212,98.0
False,2016-06-22,12543212,98.0
False,2016-06-23,12543212,98.0
False,2016-06-24,12543212,98.0
False,2016-06-25,12543212,98.0
False,2016-06-26,12543212,98.0
False,2016-06-27,12543212,98.0
False,2016-06-28,12543212,98.0
False,2016-06-29,12543212,98.0
False,2016-06-30,12543212,98.0
False,2016-07-01,12543212,98.0
False,2016-07-02,12543212,98.0
False,2016-07-03,12543212,98.0
False,2016-07-04,12543212,98.0
False,2016-07-05,12543212,98.0
False,2016-07-06,12543212,98.0
False,2016-07-07,12543212,98.0
False,2016-07-08,12543212,87.0
False,2016-07-09,12543212,87.0
False,2016-07-10,12543212,89.0
False,2016-07-11,12543212,89.0
False,2016-07-12,12543212,89.0
False,2016-07-13,12543212,89.0
False,2016-07-14,12543212,89.0
False,2016-07-15,12543212,89.0
False,2016-07-16,12543212,89.0
False,2016-07-17,12543212,88.0
False,2016-07-18,12543212,88.0
True,2016-07-19,12543212,88.0
True,2016-07-20,12543212,98.0
False,2016-07-21,12543212,98.0
False,2016-07-22,12543212,98.0
False,2016-07-23,12543212,98.0
False,2016-07-24,12543212,98.0
False,2016-07-25,12543212,98.0
False,2016-07-26,12543212,98.0
False,2016-07-27,12543212,98.0
False,2016-07-28,12543212,98.0
False,2016-07-29,12543212,98.0
False,2016-07-30,12543212,98.0
False,2016-07-31,12543212,98.0
False,2016-08-01,12543212,98.0
False,2016-08-02,12543212,98.0
False,2016-08-03,12543212,98.0
False,2016-08-04,12543212,98.0
False,2016-08-05,12543212,98.0
False,2016-08-06,12543212,98.0
False,2016-08-07,12543212,98.0
False,2016-08-08,12543212,98.0
False,2016-08-09,12543212,98.0
False,2016-08-10,12543212,98.0
False,2016-08-11,12543212,98.0
False,2016-08-12,12543212,98.0
False,2016-08-13,12543212,98.0
False,2016-08-14,12543212,98.0
False,2016-08-15,12543212,98.0
False,2016-08-16,12543212,98.0
False,2016-08-17,12543212,98.0
False,2016-08-18,12543212,98.0
True,2016-08-19,12543212,98.0
True,2016-08-20,12543212,98.0
True,2016-08-21,12543212,98.0
True,2016-08-22,12543212,98.0
True,2016-08-23,12543212,98.0
True,2016-08-24,12543212,98.0
True,2016-08-25,12543212,98.0
True,2016-08-26,12543212,98.0
True,2016-08-27,12543212,98.0
False,2016-08-28,12543212,98.0
False,2016-08-29,12543212,98.0
False,2016-08-30,12543212,98.0
False,2016-08-31,12543212,98.0
False,2016-09-01,12543212,98.0
False,2016-09-02,12543212,98.0
False,2016-09-03,12543212,98.0
False,2016-05-29,2414344,78.0
False,2016-05-30,2414344,78.0
False,2016-05-31,2414344,78.0
False,2016-06-01,2414344,77.0
False,2016-06-02,2414344,77.0
False,2016-06-03,2414344,77.0
False,2016-06-04,2414344,77.0
False,2016-06-05,2414344,77.0
False,2016-06-06,2414344,77.0
False,2016-06-07,2414344,77.0
False,2016-06-08,2414344,77.0
False,2016-06-09,2414344,77.0
False,2016-06-10,2414344,77.0
False,2016-06-11,2414344,77.0
False,2016-06-12,2414344,77.0
False,2016-06-13,2414344,77.0
False,2016-06-14,2414344,77.0
False,2016-06-15,2414344,77.0
False,2016-06-16,2414344,77.0
False,2016-06-17,2414344,77.0
False,2016-06-18,2414344,77.0
False,2016-06-19,2414344,77.0
False,2016-06-20,2414344,77.0
False,2016-06-21,2414344,77.0
False,2016-06-22,2414344,77.0
False,2016-06-23,2414344,77.0
False,2016-06-24,2414344,77.0
False,2016-06-25,2414344,77.0
False,2016-06-26,2414344,77.0
False,2016-06-27,2414344,77.0
False,2016-06-28,2414344,77.0
False,2016-06-29,2414344,77.0
False,2016-06-30,2414344,77.0
False,2016-07-01,2414344,77.0
False,2016-07-02,2414344,77.0
False,2016-07-03,2414344,77.0
False,2016-07-04,2414344,77.0
False,2016-07-05,2414344,77.0
False,2016-07-06,2414344,77.0
False,2016-07-07,2414344,77.0
False,2016-07-08,2414344,77.0
False,2016-07-09,2414344,77.0
False,2016-07-10,2414344,77.0
False,2016-07-11,2414344,77.0
False,2016-07-12,2414344,77.0
False,2016-07-13,2414344,77.0
False,2016-07-14,2414344,77.0
False,2016-07-15,2414344,77.0
False,2016-07-16,2414344,77.0
False,2016-07-17,2414344,77.0
False,2016-07-18,2414344,77.0
False,2016-07-19,2414344,77.0
False,2016-07-20,2414344,77.0
False,2016-07-21,2414344,77.0
False,2016-07-22,2414344,77.0
False,2016-07-23,2414344,77.0
False,2016-07-24,2414344,77.0
False,2016-07-25,2414344,77.0
False,2016-07-26,2414344,77.0
False,2016-07-27,2414344,77.0
False,2016-07-28,2414344,77.0
False,2016-07-29,2414344,77.0
False,2016-07-30,2414344,82.0
False,2016-07-31,2414344,67.0
False,2016-08-01,2414344,78.0
False,2016-08-02,2414344,78.0
False,2016-08-03,2414344,78.0
False,2016-08-04,2414344,78.0
False,2016-08-05,2414344,82.0
False,2016-08-06,2414344,82.0
False,2016-08-07,2414344,67.0
False,2016-08-08,2414344,78.0
False,2016-08-09,2414344,78.0
False,2016-08-10,2414344,78.0
False,2016-08-11,2414344,78.0
False,2016-08-12,2414344,82.0
False,2016-08-13,2414344,82.0
False,2016-08-14,2414344,67.0
False,2016-08-15,2414344,78.0
False,2016-08-16,2414344,78.0
False,2016-08-17,2414344,78.0
False,2016-08-18,2414344,78.0
True,2016-08-19,2414344,82.0
True,2016-08-20,2414344,82.0
True,2016-08-21,2414344,67.0
False,2016-08-22,2414344,78.0
False,2016-08-23,2414344,78.0
False,2016-08-24,2414344,78.0
False,2016-08-25,2414344,78.0
True,2016-08-26,2414344,82.0
False,2016-08-27,2414344,78.0
True,2016-08-28,2414344,67.0
False,2016-08-29,2414344,78.0
False,2016-08-30,2414344,78.0
False,2016-08-31,2414344,78.0
False,2016-09-01,2414344,78.0
True,2016-09-02,2414344,82.0
True,2016-09-03,2414344,82.0
False,2016-05-29,10001316,80.0
True,2016-05-30,10001316,80.0
False,2016-05-31,10001316,80.0
False,2016-06-01,10001316,80.0
False,2016-06-02,10001316,80.0
False,2016-06-03,10001316,80.0
False,2016-06-04,10001316,80.0
False,2016-06-05,10001316,80.0
False,2016-06-06,10001316,80.0
False,2016-06-07,10001316,80.0
True,2016-06-08,10001316,80.0
False,2016-06-09,10001316,80.0
False,2016-06-10,10001316,80.0
False,2016-06-11,10001316,80.0
False,2016-06-12,10001316,80.0
False,2016-06-13,10001316,80.0
False,2016-06-14,10001316,80.0
False,2016-06-15,10001316,80.0
False,2016-06-16,10001316,80.0
False,2016-06-17,10001316,80.0
False,2016-06-18,10001316,80.0
False,2016-06-19,10001316,80.0
False,2016-06-20,10001316,80.0
False,2016-06-21,10001316,80.0
False,2016-06-22,10001316,80.0
False,2016-06-23,10001316,80.0
False,2016-06-24,10001316,80.0
False,2016-06-25,10001316,80.0
False,2016-06-26,10001316,80.0
False,2016-06-27,10001316,80.0
False,2016-06-28,10001316,80.0
False,2016-06-29,10001316,80.0
False,2016-06-30,10001316,80.0
False,2016-07-01,10001316,80.0
False,2016-07-02,10001316,80.0
False,2016-07-03,10001316,80.0
False,2016-07-04,10001316,80.0
False,2016-07-05,10001316,80.0
False,2016-07-06,10001316,80.0
False,2016-07-07,10001316,80.0
False,2016-07-08,10001316,80.0
False,2016-07-09,10001316,80.0
False,2016-07-10,10001316,80.0
False,2016-07-11,10001316,80.0
False,2016-07-12,10001316,80.0
False,2016-07-13,10001316,80.0
False,2016-07-14,10001316,80.0
False,2016-07-15,10001316,80.0
False,2016-07-16,10001316,80.0
False,2016-07-17,10001316,80.0
False,2016-07-18,10001316,80.0
False,2016-07-19,10001316,80.0
False,2016-07-20,10001316,80.0
False,2016-07-21,10001316,80.0
False,2016-07-22,10001316,80.0
False,2016-07-23,10001316,80.0
False,2016-07-24,10001316,80.0
False,2016-07-25,10001316,80.0
False,2016-07-26,10001316,80.0
False,2016-07-27,10001316,80.0
False,2016-07-28,10001316,80.0
False,2016-07-29,10001316,80.0
False,2016-07-30,10001316,80.0
False,2016-07-31,10001316,80.0
False,2016-08-01,10001316,80.0
False,2016-08-02,10001316,80.0
False,2016-08-03,10001316,80.0
False,2016-08-04,10001316,80.0
False,2016-08-05,10001316,80.0
False,2016-08-06,10001316,80.0
False,2016-08-07,10001316,80.0
False,2016-08-08,10001316,80.0
False,2016-08-09,10001316,80.0
False,2016-08-10,10001316,80.0
False,2016-08-11,10001316,80.0
False,2016-08-12,10001316,80.0
False,2016-08-13,10001316,80.0
False,2016-08-14,10001316,80.0
False,2016-08-15,10001316,80.0
False,2016-08-16,10001316,80.0
False,2016-08-17,10001316,80.0
False,2016-08-18,10001316,80.0
False,2016-08-19,10001316,80.0
False,2016-08-20,10001316,80.0
False,2016-08-21,10001316,80.0
False,2016-08-22,10001316,80.0
False,2016-08-23,10001316,80.0
False,2016-08-24,10001316,80.0
False,2016-08-25,10001316,80.0
False,2016-08-26,10001316,80.0
False,2016-08-27,10001316,80.0
False,2016-08-28,10001316,80.0
False,2016-08-29,10001316,80.0
False,2016-08-30,10001316,80.0
False,2016-08-31,10001316,80.0
False,2016-09-01,10001316,80.0
False,2016-09-02,10001316,80.0
False,2016-09-03,10001316,80.0
False,2016-05-29,8054187,99.0
False,2016-05-30,8054187,99.0
False,2016-05-31,8054187,99.0
False,2016-06-01,8054187,99.0
False,2016-06-02,8054187,99.0
False,2016-06-03,8054187,99.0
False,2016-06-04,8054187,99.0
False,2016-06-05,8054187,99.0
False,2016-06-06,8054187,99.0
False,2016-06-07,8054187,99.0
False,2016-06-08,8054187,99.0
False,2016-06-09,8054187,99.0
False,2016-06-10,8054187,99.0
False,2016-06-11,8054187,99.0
False,2016-06-12,8054187,99.0
True,2016-06-13,8054187,99.0
False,2016-06-14,8054187,99.0
False,2016-06-15,8054187,99.0
False,2016-06-16,8054187,99.0
False,2016-06-17,8054187,99.0
False,2016-06-18,8054187,99.0
False,2016-06-19,8054187,99.0
False,2016-06-20,8054187,99.0
False,2016-06-21,8054187,109.0
False,2016-06-22,8054187,99.0
False,2016-06-23,8054187,99.0
False,2016-06-24,8054187,99.0
False,2016-06-25,8054187,99.0
False,2016-06-26,8054187,99.0
True,2016-06-27,8054187,99.0
True,2016-06-28,8054187,99.0
False,2016-06-29,8054187,99.0
True,2016-06-30,8054187,99.0
False,2016-07-01,8054187,99.0
False,2016-07-02,8054187,99.0
False,2016-07-03,8054187,99.0
False,2016-07-04,8054187,99.0
True,2016-07-05,8054187,99.0
True,2016-07-06,8054187,99.0
True,2016-07-07,8054187,99.0
True,2016-07-08,8054187,99.0
False,2016-07-09,8054187,99.0
False,2016-07-10,8054187,99.0
False,2016-07-11,8054187,99.0
False,2016-07-12,8054187,99.0
False,2016-07-13,8054187,99.0
False,2016-07-14,8054187,99.0
False,2016-07-15,8054187,99.0
False,2016-07-16,8054187,99.0
False,2016-07-17,8054187,99.0
False,2016-07-18,8054187,99.0
False,2016-07-19,8054187,99.0
False,2016-07-20,8054187,99.0
False,2016-07-21,8054187,99.0
False,2016-07-22,8054187,99.0
False,2016-07-23,8054187,99.0
False,2016-07-24,8054187,99.0
False,2016-07-25,8054187,99.0
False,2016-07-26,8054187,99.0
False,2016-07-27,8054187,99.0
False,2016-07-28,8054187,99.0
True,2016-07-29,8054187,99.0
True,2016-07-30,8054187,99.0
True,2016-07-31,8054187,99.0
True,2016-08-01,8054187,99.0
True,2016-08-02,8054187,99.0
True,2016-08-03,8054187,99.0
False,2016-08-04,8054187,99.0
False,2016-08-05,8054187,99.0
False,2016-08-06,8054187,99.0
False,2016-08-07,8054187,99.0
False,2016-08-08,8054187,99.0
False,2016-08-09,8054187,99.0
False,2016-08-10,8054187,99.0
False,2016-08-11,8054187,99.0
False,2016-08-12,8054187,99.0
False,2016-08-13,8054187,99.0
False,2016-08-14,8054187,99.0
False,2016-08-15,8054187,99.0
False,2016-08-16,8054187,99.0
False,2016-08-17,8054187,99.0
False,2016-08-18,8054187,99.0
False,2016-08-19,8054187,99.0
False,2016-08-20,8054187,99.0
False,2016-08-21,8054187,99.0
False,2016-08-22,8054187,99.0
False,2016-08-23,8054187,99.0
False,2016-08-24,8054187,99.0
False,2016-08-25,8054187,99.0
False,2016-08-26,8054187,99.0
False,2016-08-27,8054187,99.0
False,2016-08-28,8054187,99.0
False,2016-08-29,8054187,99.0
False,2016-08-30,8054187,99.0
False,2016-08-31,8054187,99.0
False,2016-09-01,8054187,99.0
False,2016-09-02,8054187,99.0
False,2016-09-03,8054187,99.0
True,2016-05-29,13317543,110.0
True,2016-05-30,13317543,110.0
True,2016-05-31,13317543,110.0
True,2016-06-01,13317543,110.0
True,2016-06-02,13317543,110.0
True,2016-06-03,13317543,110.0
True,2016-06-04,13317543,110.0
True,2016-06-05,13317543,110.0
False,2016-06-06,13317543,145.0
True,2016-06-07,13317543,110.0
True,2016-06-08,13317543,110.0
True,2016-06-09,13317543,110.0
True,2016-06-10,13317543,135.0
True,2016-06-11,13317543,135.0
True,2016-06-12,13317543,135.0
True,2016-06-13,13317543,135.0
True,2016-06-14,13317543,125.0
True,2016-06-15,13317543,125.0
True,2016-06-16,13317543,85.0
False,2016-06-17,13317543,85.0
False,2016-06-18,13317543,93.0
False,2016-06-19,13317543,85.0
True,2016-06-20,13317543,145.0
False,2016-06-21,13317543,145.0
False,2016-06-22,13317543,85.0
True,2016-06-23,13317543,85.0
False,2016-06-24,13317543,85.0
False,2016-06-25,13317543,85.0
False,2016-06-26,13317543,85.0
False,2016-06-27,13317543,85.0
False,2016-06-28,13317543,85.0
True,2016-06-29,13317543,85.0
False,2016-06-30,13317543,85.0
False,2016-07-01,13317543,100.0
False,2016-07-02,13317543,108.0
False,2016-07-03,13317543,100.0
True,2016-07-04,13317543,85.0
True,2016-07-05,13317543,85.0
True,2016-07-06,13317543,85.0
False,2016-07-07,13317543,85.0
False,2016-07-08,13317543,85.0
False,2016-07-09,13317543,85.0
True,2016-07-10,13317543,85.0
True,2016-07-11,13317543,85.0
True,2016-07-12,13317543,85.0
True,2016-07-13,13317543,85.0
True,2016-07-14,13317543,85.0
True,2016-07-15,13317543,85.0
True,2016-07-16,13317543,85.0
True,2016-07-17,13317543,85.0
True,2016-07-18,13317543,85.0
True,2016-07-19,13317543,85.0
True,2016-07-20,13317543,85.0
True,2016-07-21,13317543,85.0
True,2016-07-22,13317543,87.0
True,2016-07-23,13317543,87.0
True,2016-07-24,13317543,85.0
True,2016-07-25,13317543,85.0
True,2016-07-26,13317543,85.0
True,2016-07-27,13317543,85.0
True,2016-07-28,13317543,85.0
True,2016-07-29,13317543,88.0
True,2016-07-30,13317543,88.0
True,2016-07-31,13317543,85.0
True,2016-08-01,13317543,85.0
True,2016-08-02,13317543,85.0
True,2016-08-03,13317543,85.0
True,2016-08-04,13317543,85.0
True,2016-08-05,13317543,89.0
True,2016-08-06,13317543,89.0
True,2016-08-07,13317543,85.0
True,2016-08-08,13317543,85.0
True,2016-08-09,13317543,85.0
True,2016-08-10,13317543,85.0
True,2016-08-11,13317543,85.0
True,2016-08-12,13317543,87.0
True,2016-08-13,13317543,87.0
True,2016-08-14,13317543,85.0
True,2016-08-15,13317543,85.0
True,2016-08-16,13317543,85.0
True,2016-08-17,13317543,85.0
True,2016-08-18,13317543,85.0
True,2016-08-19,13317543,89.0
True,2016-08-20,13317543,89.0
True,2016-08-21,13317543,85.0
True,2016-08-22,13317543,85.0
True,2016-08-23,13317543,85.0
True,2016-08-24,13317543,85.0
True,2016-08-25,13317543,85.0
True,2016-08-26,13317543,90.0
True,2016-08-27,13317543,89.0
True,2016-08-28,13317543,85.0
True,2016-08-29,13317543,85.0
True,2016-08-30,13317543,85.0
True,2016-08-31,13317543,85.0
True,2016-09-01,13317543,87.0
True,2016-09-02,13317543,88.0
True,2016-09-03,13317543,92.0
False,2016-05-29,12064538,41.0
False,2016-05-30,12064538,40.0
True,2016-05-31,12064538,38.0
False,2016-06-01,12064538,50.0
False,2016-06-02,12064538,45.0
False,2016-06-03,12064538,45.0
False,2016-06-04,12064538,49.0
False,2016-06-05,12064538,50.0
False,2016-06-06,12064538,50.0
False,2016-06-07,12064538,50.0
False,2016-06-08,12064538,50.0
False,2016-06-09,12064538,50.0
False,2016-06-10,12064538,50.0
False,2016-06-11,12064538,50.0
False,2016-06-12,12064538,50.0
False,2016-06-13,12064538,50.0
False,2016-06-14,12064538,50.0
False,2016-06-15,12064538,50.0
False,2016-06-16,12064538,50.0
False,2016-06-17,12064538,60.0
False,2016-06-18,12064538,60.0
False,2016-06-19,12064538,50.0
False,2016-06-20,12064538,50.0
False,2016-06-21,12064538,50.0
False,2016-06-22,12064538,50.0
True,2016-06-23,12064538,43.0
True,2016-06-24,12064538,45.0
False,2016-06-25,12064538,52.0
False,2016-06-26,12064538,49.0
False,2016-06-27,12064538,48.0
True,2016-06-28,12064538,45.0
True,2016-06-29,12064538,47.0
True,2016-06-30,12064538,48.0
False,2016-07-01,12064538,54.0
False,2016-07-02,12064538,56.0
True,2016-07-03,12064538,49.0
False,2016-07-04,12064538,48.0
False,2016-07-05,12064538,48.0
False,2016-07-06,12064538,48.0
False,2016-07-07,12064538,50.0
False,2016-07-08,12064538,53.0
False,2016-07-09,12064538,53.0
True,2016-07-10,12064538,49.0
True,2016-07-11,12064538,48.0
False,2016-07-12,12064538,48.0
False,2016-07-13,12064538,48.0
True,2016-07-14,12064538,50.0
False,2016-07-15,12064538,53.0
False,2016-07-16,12064538,53.0
False,2016-07-17,12064538,48.0
False,2016-07-18,12064538,48.0
False,2016-07-19,12064538,48.0
False,2016-07-20,12064538,53.0
False,2016-07-21,12064538,53.0
False,2016-07-22,12064538,54.0
True,2016-07-23,12064538,53.0
False,2016-07-24,12064538,50.0
False,2016-07-25,12064538,50.0
False,2016-07-26,12064538,50.0
False,2016-07-27,12064538,50.0
False,2016-07-28,12064538,50.0
False,2016-07-29,12064538,50.0
False,2016-07-30,12064538,50.0
False,2016-07-31,12064538,50.0
False,2016-08-01,12064538,50.0
False,2016-08-02,12064538,50.0
False,2016-08-03,12064538,50.0
False,2016-08-04,12064538,50.0
False,2016-08-05,12064538,50.0
False,2016-08-06,12064538,50.0
False,2016-08-07,12064538,50.0
False,2016-08-08,12064538,50.0
False,2016-08-09,12064538,50.0
False,2016-08-10,12064538,50.0
False,2016-08-11,12064538,50.0
False,2016-08-12,12064538,50.0
False,2016-08-13,12064538,50.0
False,2016-08-14,12064538,50.0
False,2016-08-15,12064538,50.0
False,2016-08-16,12064538,50.0
False,2016-08-17,12064538,50.0
False,2016-08-18,12064538,50.0
False,2016-08-19,12064538,50.0
False,2016-08-20,12064538,50.0
False,2016-08-21,12064538,50.0
False,2016-08-22,12064538,50.0
False,2016-08-23,12064538,50.0
False,2016-08-24,12064538,50.0
False,2016-08-25,12064538,50.0
False,2016-08-26,12064538,50.0
False,2016-08-27,12064538,50.0
False,2016-08-28,12064538,50.0
False,2016-08-29,12064538,50.0
False,2016-08-30,12064538,50.0
False,2016-08-31,12064538,50.0
False,2016-09-01,12064538,50.0
False,2016-09-02,12064538,50.0
False,2016-09-03,12064538,50.0
